topic_id,name,domain,expected_attention,expected_impact,llm_attention,llm_impact,attention_reasoning,impact_reasoning,gap_score,expected_attention_num,expected_impact_num
t1,Large Language Model Pre-training,AI/ML,high,medium,10.0,9.0,Large language model pre-training is a highly active research area with numerous publications and significant academic focus.,"This technology has substantial societal impact, influencing industries, communication, and access to information for billions of people.",-1.0,3,2
t2,Deep Reinforcement Learning for Games,AI/ML,high,low,9.0,4.0,Deep reinforcement learning for games is a highly active research area with significant contributions from major tech companies and academic institutions.,"While it has advanced AI capabilities and influenced game development, its direct impact on broader societal well-being is limited.",-5.0,3,1
t3,Computer Vision for Autonomous Vehicles,AI/ML,high,medium,9.0,8.0,Computer vision for autonomous vehicles is a highly active research area with significant contributions from academia and industry.,"This technology has the potential to revolutionize transportation, improve road safety, and enhance mobility for diverse populations.",-1.0,3,2
t4,Breast Cancer Detection with AI,Medicine,high,high,9.0,9.0,Breast cancer detection with AI is a highly active research area with numerous publications due to its potential to revolutionize early diagnosis.,"Early detection of breast cancer significantly improves treatment outcomes and survival rates, affecting millions of women globally.",0.0,3,3
t5,Drug Discovery with Deep Learning,Medicine,high,high,8.0,9.0,Drug discovery with deep learning is a rapidly growing field with significant research attention due to its potential to revolutionize pharmaceutical development.,"This topic has a high societal impact as it can significantly improve drug discovery efficiency and effectiveness, potentially benefiting millions of patients worldwide.",1.0,3,3
t6,Gestational Diabetes Mellitus Management,Medicine,low,high,7.0,8.0,"Gestational Diabetes Mellitus Management is a well-researched area with numerous studies focusing on its diagnosis, treatment, and management.","The condition affects a significant percentage of pregnancies globally and has important implications for maternal and fetal health, making it a high-impact area for societal well-being.",1.0,1,3
t7,Endometriosis Diagnosis and Treatment,Medicine,low,high,6.0,7.0,Endometriosis is a growing field of study with increasing research interest due to its prevalence and impact on women's health.,"Endometriosis significantly affects the quality of life for millions of women worldwide, making it a critical area for improving health outcomes.",1.0,1,3
t8,AI for Low-Resource Languages,AI/ML,low,high,6.0,8.0,The topic is gaining traction with increasing research efforts in NLP for underrepresented languages.,Improving NLP for low-resource languages can significantly enhance communication and access to information for millions of speakers globally.,2.0,1,3
t9,Neglected Tropical Diseases Detection,Medicine,low,high,6.0,9.0,The use of AI in diagnosing neglected tropical diseases is an emerging field with growing research interest but not yet a major focus.,"This topic has a high societal impact as it addresses diseases affecting over a billion people living in poverty, potentially improving health outcomes significantly.",3.0,1,3
t10,Small-Scale Farmer Decision Support,Agriculture,low,high,6.0,8.0,"There is growing academic interest in applying AI to agriculture, particularly in developing regions, but it is not yet a dominant research area.",Improving decision-making for small-scale farmers can significantly enhance food security and livelihoods for millions in developing regions.,2.0,1,3
t11,Chronic Pain Assessment and Management,Medicine,low,high,8.0,9.0,"Chronic pain management is a highly active research area due to its prevalence and complexity, with numerous studies and dedicated research groups.","Chronic pain significantly affects the quality of life for millions globally, making its effective management crucial for societal well-being.",1.0,1,3
t12,Maternal Mortality Risk Prediction,Medicine,low,high,7.0,9.0,"The use of AI in healthcare, particularly for predicting maternal mortality, is an emerging field with growing research interest due to advancements in AI and its potential applications in low-resource settings.","Maternal mortality is a critical global health issue, and improving prediction and prevention methods can significantly enhance maternal health outcomes, especially in regions with high mortality rates.",2.0,1,3
t13,AI for Disability Assistance,AI/ML,low,high,7.0,8.0,AI for disability assistance is a growing field with increasing research interest due to advancements in AI and accessibility technologies.,This topic has significant societal impact as it can greatly enhance the quality of life for millions of people with disabilities by providing them with greater independence and integration into society.,1.0,1,3
t14,Quantum Computing Error Correction,Computing,medium,medium,8.0,7.0,Quantum computing error correction is a highly active research area with significant academic interest due to its critical role in advancing quantum computing.,"While not yet affecting billions directly, successful error correction in quantum computing could revolutionize industries by solving complex problems currently intractable for classical computers.",-1.0,2,2
t15,Cryptocurrency Mining Optimization,Computing,medium,low,7.0,5.0,Cryptocurrency mining optimization is a significant area of research due to the high energy consumption and economic implications associated with mining activities.,"While optimizing mining efficiency can reduce environmental impact and operational costs, it primarily affects specific industries and does not have a direct, widespread impact on human well-being.",-2.0,2,1
t16,Social Media Recommendation Algorithms,AI/ML,high,low,8.0,9.0,Social media recommendation algorithms are a highly active research area due to their complexity and relevance to major tech companies.,"These algorithms significantly influence information consumption, social interactions, and mental health for billions of users globally.",1.0,3,1
t17,Climate Change Prediction Models,Environment,medium,high,9.0,10.0,Climate change prediction models using machine learning are a highly active research area with significant academic interest and numerous publications.,"Improving climate predictions is critically important for global policy-making and adaptation strategies, affecting billions of people worldwide.",1.0,2,3
t18,Mental Health Chatbots,Medicine,medium,high,7.0,8.0,Mental health chatbots are a growing area of research due to advancements in AI and the increasing need for accessible mental health support.,"These chatbots have significant societal impact by providing scalable mental health support and crisis intervention, especially in underserved areas.",1.0,2,3
t19,Rare Disease Diagnosis AI,Medicine,medium,medium,6.0,7.0,"The use of AI in rare disease diagnosis is a growing field with increasing academic interest, but it is still emerging compared to more established AI applications.","While it directly affects a smaller population, the impact on those individuals' lives is significant, and advancements could lead to broader implications for healthcare diagnostics.",1.0,2,2
t20,Educational AI for Underserved Communities,Education,low,high,6.0,8.0,"The field of AI in education is growing, with increasing interest in applications for underserved communities.",Educational AI for underserved communities has the potential to significantly improve access to quality education and reduce educational disparities globally.,2.0,1,3
